{
  "algo": "svm",
  "cv_mode": "kfold",
  "n_samples": 50,
  "n_features": 187,
  "labels": [
    "0",
    "1",
    "2",
    "3"
  ],
  "n_splits": 5,
  "per_fold_accuracy": [
    0.7,
    0.8,
    0.8,
    0.8,
    0.6
  ],
  "accuracy_mean": 0.74,
  "accuracy_std": 0.08000000000000003,
  "per_fold_f1_weighted": [
    0.7495238095238095,
    0.7904761904761904,
    0.7933333333333333,
    0.7916666666666666,
    0.5916666666666666
  ],
  "f1_weighted_mean": 0.7433333333333334,
  "f1_weighted_std": 0.07758822058011848,
  "per_fold_precision_weighted": [
    0.925,
    0.825,
    0.8333333333333334,
    0.8800000000000001,
    0.6799999999999999
  ],
  "per_fold_recall_weighted": [
    0.7,
    0.8,
    0.8,
    0.8,
    0.6
  ],
  "classification_report": {
    "0": {
      "precision": 1.0,
      "recall": 1.0,
      "f1-score": 1.0,
      "support": 3.0
    },
    "1": {
      "precision": 1.0,
      "recall": 1.0,
      "f1-score": 1.0,
      "support": 2.0
    },
    "2": {
      "precision": 1.0,
      "recall": 1.0,
      "f1-score": 1.0,
      "support": 3.0
    },
    "3": {
      "precision": 1.0,
      "recall": 1.0,
      "f1-score": 1.0,
      "support": 2.0
    },
    "accuracy": 1.0,
    "macro avg": {
      "precision": 1.0,
      "recall": 1.0,
      "f1-score": 1.0,
      "support": 10.0
    },
    "weighted avg": {
      "precision": 1.0,
      "recall": 1.0,
      "f1-score": 1.0,
      "support": 10.0
    }
  }
}